id;title;img_1;img_1_content_type;img_1_title;content_1;img_2;img_2_content_type;img_2_title;content_2;img_3;img_3_content_type;img_3_title;content_3;img_4;img_4_content_type;img_4_title;content_4;img_5;img_5_content_type;img_5_title;content_5;tail;enable;del_flag;order_num;last_modify_date;last_modify_by
1;portals Team-oriented;../fake-data/blob/hipster.png;image/png;Rufiyaa up;../fake-data/blob/hipster.txt;../fake-data/blob/hipster.png;image/png;Focused;../fake-data/blob/hipster.txt;../fake-data/blob/hipster.png;image/png;Marketing Analyst;../fake-data/blob/hipster.txt;../fake-data/blob/hipster.png;image/png;Lira back-end;../fake-data/blob/hipster.txt;../fake-data/blob/hipster.png;image/png;台湾省;../fake-data/blob/hipster.txt;payment;false;true;47595;2021-05-17T06:42:44;incubate
2;Metrics Market;../fake-data/blob/hipster.png;image/png;Account;../fake-data/blob/hipster.txt;../fake-data/blob/hipster.png;image/png;state Mouse;../fake-data/blob/hipster.txt;../fake-data/blob/hipster.png;image/png;clicks-and-mortar Cotton generating;../fake-data/blob/hipster.txt;../fake-data/blob/hipster.png;image/png;Kids overriding 香港;../fake-data/blob/hipster.txt;../fake-data/blob/hipster.png;image/png;Optimized;../fake-data/blob/hipster.txt;Metal;true;true;26133;2021-05-18T04:22:50;Bike application concept
3;override Usability;../fake-data/blob/hipster.png;image/png;巷 bypassing;../fake-data/blob/hipster.txt;../fake-data/blob/hipster.png;image/png;甘肃省;../fake-data/blob/hipster.txt;../fake-data/blob/hipster.png;image/png;morph payment red;../fake-data/blob/hipster.txt;../fake-data/blob/hipster.png;image/png;Shirt;../fake-data/blob/hipster.txt;../fake-data/blob/hipster.png;image/png;out-of-the-box target;../fake-data/blob/hipster.txt;grow Money;false;true;39900;2021-05-17T09:58:12;旁 Outdoors microchip
4;calculate index;../fake-data/blob/hipster.png;image/png;Tuna;../fake-data/blob/hipster.txt;../fake-data/blob/hipster.png;image/png;compress asynchronous;../fake-data/blob/hipster.txt;../fake-data/blob/hipster.png;image/png;Cotton Guyana;../fake-data/blob/hipster.txt;../fake-data/blob/hipster.png;image/png;Liaison grey 桥;../fake-data/blob/hipster.txt;../fake-data/blob/hipster.png;image/png;productize Metal Cameroon;../fake-data/blob/hipster.txt;quantifying feed;true;false;51005;2021-05-17T13:17:46;Car global
5;Chicken Buckinghamshire Account;../fake-data/blob/hipster.png;image/png;吉林省 multi-byte District;../fake-data/blob/hipster.txt;../fake-data/blob/hipster.png;image/png;vertical Handcrafted 浙江省;../fake-data/blob/hipster.txt;../fake-data/blob/hipster.png;image/png;web-readiness Towels;../fake-data/blob/hipster.txt;../fake-data/blob/hipster.png;image/png;regional Tuna;../fake-data/blob/hipster.txt;../fake-data/blob/hipster.png;image/png;National;../fake-data/blob/hipster.txt;侬;true;false;39908;2021-05-17T23:17:21;Checking sensor AI
6;Chips Bedfordshire alarm;../fake-data/blob/hipster.png;image/png;transmitting 路;../fake-data/blob/hipster.txt;../fake-data/blob/hipster.png;image/png;complexity;../fake-data/blob/hipster.txt;../fake-data/blob/hipster.png;image/png;Markets Bacon;../fake-data/blob/hipster.txt;../fake-data/blob/hipster.png;image/png;Tools value-added;../fake-data/blob/hipster.txt;../fake-data/blob/hipster.png;image/png;payment panel;../fake-data/blob/hipster.txt;Account local virtual;true;false;36843;2021-05-17T10:37:26;Cambridgeshire Jewelery Bike
7;Granite Internal Jewelery;../fake-data/blob/hipster.png;image/png;connect;../fake-data/blob/hipster.txt;../fake-data/blob/hipster.png;image/png;multi-state copy Jewelery;../fake-data/blob/hipster.txt;../fake-data/blob/hipster.png;image/png;dynamic 侬;../fake-data/blob/hipster.txt;../fake-data/blob/hipster.png;image/png;Account hacking primary;../fake-data/blob/hipster.txt;../fake-data/blob/hipster.png;image/png;Web Hryvnia;../fake-data/blob/hipster.txt;plug-and-play Industrial;true;false;76886;2021-05-17T22:36:39;Manat
8;Cheese redefine Quality-focused;../fake-data/blob/hipster.png;image/png;Kwanza cyan;../fake-data/blob/hipster.txt;../fake-data/blob/hipster.png;image/png;Sleek;../fake-data/blob/hipster.txt;../fake-data/blob/hipster.png;image/png;transition;../fake-data/blob/hipster.txt;../fake-data/blob/hipster.png;image/png;台湾省 宁夏 Adaptive;../fake-data/blob/hipster.txt;../fake-data/blob/hipster.png;image/png;Rubber Steel;../fake-data/blob/hipster.txt;hard deliverables;true;false;91929;2021-05-17T10:15:27;reinvent Designer 广西省
9;benchmark Baby;../fake-data/blob/hipster.png;image/png;江苏省 port;../fake-data/blob/hipster.txt;../fake-data/blob/hipster.png;image/png;Cheese Granite;../fake-data/blob/hipster.txt;../fake-data/blob/hipster.png;image/png;process;../fake-data/blob/hipster.txt;../fake-data/blob/hipster.png;image/png;website plum Philippines;../fake-data/blob/hipster.txt;../fake-data/blob/hipster.png;image/png;bypassing;../fake-data/blob/hipster.txt;methodologies optimal Buckinghamshire;false;false;31106;2021-05-17T13:56:22;PCI 云南省 中心
10;Handmade;../fake-data/blob/hipster.png;image/png;Refined Frozen;../fake-data/blob/hipster.txt;../fake-data/blob/hipster.png;image/png;Handcrafted;../fake-data/blob/hipster.txt;../fake-data/blob/hipster.png;image/png;Frozen Metal;../fake-data/blob/hipster.txt;../fake-data/blob/hipster.png;image/png;SDD;../fake-data/blob/hipster.txt;../fake-data/blob/hipster.png;image/png;Plastic neural bypassing;../fake-data/blob/hipster.txt;holistic;false;true;71889;2021-05-17T19:39:21;Handmade 街
